{
    "params": [
        {
            "var_smoothing": 1e-06
        },
        {
            "var_smoothing": 1e-09
        },
        {
            "var_smoothing": 1e-12
        }
    ],
    "mean_test_score": [
        0.9343091655266758,
        0.941340629274966,
        0.9319835841313271
    ],
    "std_test_score": [
        0.025220079431262456,
        0.012741083170625833,
        0.018525299514039802
    ],
    "rank_test_score": [
        2,
        3,
        1
    ]
}