{
    "params": [
        {
            "var_smoothing": 1e-06
        },
        {
            "var_smoothing": 1e-09
        },
        {
            "var_smoothing": 1e-12
        }
    ],
    "mean_test_score": [
        0.6239009374032098,
        0.6160793410997263,
        0.6047021864313572
    ],
    "std_test_score": [
        0.02000752092034762,
        0.01622579019988561,
        0.016879113872385592
    ],
    "rank_test_score": [
        3,
        2,
        1
    ]
}