{
    "params": [
        {
            "var_smoothing": 1e-06
        },
        {
            "var_smoothing": 1e-09
        },
        {
            "var_smoothing": 1e-12
        }
    ],
    "mean_test_score": [
        0.6339880455328428,
        0.4587352176294563,
        0.20819764807065547
    ],
    "std_test_score": [
        0.0020553589543161285,
        0.0007174632900282044,
        0.0012551331569708875
    ],
    "rank_test_score": [
        3,
        2,
        1
    ]
}