{
    "params": [
        {
            "var_smoothing": 1e-06
        },
        {
            "var_smoothing": 1e-09
        },
        {
            "var_smoothing": 1e-12
        }
    ],
    "mean_test_score": [
        0.586952380952381,
        0.5350857142857144,
        0.4981523809523809
    ],
    "std_test_score": [
        0.0049355023729575264,
        0.009269284610378974,
        0.013587856389800462
    ],
    "rank_test_score": [
        3,
        2,
        1
    ]
}