{
    "params": [
        {
            "var_smoothing": 1e-06
        },
        {
            "var_smoothing": 1e-09
        },
        {
            "var_smoothing": 1e-12
        }
    ],
    "mean_test_score": [
        0.275,
        0.2625,
        0.23125
    ],
    "std_test_score": [
        0.023385358667337132,
        0.015309310892394864,
        0.054486236794258416
    ],
    "rank_test_score": [
        3,
        2,
        1
    ]
}