{
    "params": [
        {
            "var_smoothing": 1e-06
        },
        {
            "var_smoothing": 1e-09
        },
        {
            "var_smoothing": 1e-12
        }
    ],
    "mean_test_score": [
        0.5786666666666667,
        0.5666666666666667,
        0.5573333333333333
    ],
    "std_test_score": [
        0.08898439313847244,
        0.11163432367431722,
        0.12958737935805664
    ],
    "rank_test_score": [
        3,
        2,
        1
    ]
}