{
    "params": [
        {
            "var_smoothing": 1e-06
        },
        {
            "var_smoothing": 1e-09
        },
        {
            "var_smoothing": 1e-12
        }
    ],
    "mean_test_score": [
        0.5609711296569899,
        0.5464361298566466,
        0.530635307271493
    ],
    "std_test_score": [
        0.01823706360088936,
        0.022868779196968204,
        0.026634175275494026
    ],
    "rank_test_score": [
        3,
        2,
        1
    ]
}