{
    "params": [
        {
            "var_smoothing": 1e-06
        },
        {
            "var_smoothing": 1e-09
        },
        {
            "var_smoothing": 1e-12
        }
    ],
    "mean_test_score": [
        0.6857894736842105,
        0.6863157894736841,
        0.6863157894736841
    ],
    "std_test_score": [
        0.023395906074624065,
        0.02153397110050397,
        0.02153397110050397
    ],
    "rank_test_score": [
        1,
        2,
        2
    ]
}