{
    "params": [
        {
            "var_smoothing": 1e-06
        },
        {
            "var_smoothing": 1e-09
        },
        {
            "var_smoothing": 1e-12
        }
    ],
    "mean_test_score": [
        0.5495454545454546,
        0.5495454545454546,
        0.5495454545454546
    ],
    "std_test_score": [
        0.03583133122730247,
        0.03583133122730247,
        0.03583133122730247
    ],
    "rank_test_score": [
        1,
        1,
        1
    ]
}