{
    "params": [
        {
            "var_smoothing": 1e-06
        },
        {
            "var_smoothing": 1e-09
        },
        {
            "var_smoothing": 1e-12
        }
    ],
    "mean_test_score": [
        0.8344470034290392,
        0.8072543557573498,
        0.7831406783502592
    ],
    "std_test_score": [
        0.006803331834689924,
        0.011122318655496885,
        0.013601631333331952
    ],
    "rank_test_score": [
        3,
        2,
        1
    ]
}