{
    "params": [
        {
            "var_smoothing": 1e-06
        },
        {
            "var_smoothing": 1e-09
        },
        {
            "var_smoothing": 1e-12
        }
    ],
    "mean_test_score": [
        0.9621082621082622,
        0.9621082621082622,
        0.9621082621082622
    ],
    "std_test_score": [
        0.042138283520192193,
        0.042138283520192193,
        0.042138283520192193
    ],
    "rank_test_score": [
        1,
        1,
        1
    ]
}