{
    "params": [
        {
            "var_smoothing": 1e-06
        },
        {
            "var_smoothing": 1e-09
        },
        {
            "var_smoothing": 1e-12
        }
    ],
    "mean_test_score": [
        0.6281682395403374,
        0.6096780718444024,
        0.5997218763234577
    ],
    "std_test_score": [
        0.026843699552203948,
        0.014279309923325531,
        0.008877642472986398
    ],
    "rank_test_score": [
        3,
        2,
        1
    ]
}