{
    "params": [
        {
            "var_smoothing": 1e-06
        },
        {
            "var_smoothing": 1e-09
        },
        {
            "var_smoothing": 1e-12
        }
    ],
    "mean_test_score": [
        0.6128444676409186,
        0.6070033054975644,
        0.6065857689631177
    ],
    "std_test_score": [
        0.007773981827358818,
        0.00823740464163149,
        0.008039750969348225
    ],
    "rank_test_score": [
        3,
        2,
        1
    ]
}