{
    "params": [
        {
            "var_smoothing": 1e-06
        },
        {
            "var_smoothing": 1e-09
        },
        {
            "var_smoothing": 1e-12
        }
    ],
    "mean_test_score": [
        0.7609128887687643,
        0.7609128887687643,
        0.7949549087531891
    ],
    "std_test_score": [
        6.268458826881005e-05,
        6.268458826881005e-05,
        0.005852130327039371
    ],
    "rank_test_score": [
        1,
        1,
        3
    ]
}