{
    "params": [
        {
            "var_smoothing": 1e-06
        },
        {
            "var_smoothing": 1e-09
        },
        {
            "var_smoothing": 1e-12
        }
    ],
    "mean_test_score": [
        0.8953786318920155,
        0.8953786318920155,
        0.8953786318920155
    ],
    "std_test_score": [
        0.023399189393973504,
        0.023399189393973504,
        0.023399189393973504
    ],
    "rank_test_score": [
        1,
        1,
        1
    ]
}