{
    "params": [
        {
            "var_smoothing": 1e-06
        },
        {
            "var_smoothing": 1e-09
        },
        {
            "var_smoothing": 1e-12
        }
    ],
    "mean_test_score": [
        0.8702898550724637,
        0.827536231884058,
        0.6807971014492754
    ],
    "std_test_score": [
        0.02865756512070316,
        0.04771616705262121,
        0.09016135271395063
    ],
    "rank_test_score": [
        3,
        2,
        1
    ]
}