{
    "params": [
        {
            "var_smoothing": 1e-06
        },
        {
            "var_smoothing": 1e-09
        },
        {
            "var_smoothing": 1e-12
        }
    ],
    "mean_test_score": [
        0.5216666666666666,
        0.5216666666666666,
        0.5216666666666666
    ],
    "std_test_score": [
        0.023921166824012217,
        0.023921166824012217,
        0.023921166824012217
    ],
    "rank_test_score": [
        1,
        1,
        1
    ]
}