{
    "params": [
        {
            "var_smoothing": 1e-06
        },
        {
            "var_smoothing": 1e-09
        },
        {
            "var_smoothing": 1e-12
        }
    ],
    "mean_test_score": [
        0.6600442493957732,
        0.6922822511766524,
        0.6886659761216813
    ],
    "std_test_score": [
        0.011379069877265257,
        0.004248129628369272,
        0.004652138983800954
    ],
    "rank_test_score": [
        1,
        3,
        2
    ]
}