{
    "params": [
        {
            "var_smoothing": 1e-06
        },
        {
            "var_smoothing": 1e-09
        },
        {
            "var_smoothing": 1e-12
        }
    ],
    "mean_test_score": [
        0.6342955615998067,
        0.4571999671307728,
        0.2086382613195905
    ],
    "std_test_score": [
        0.0010013831191416785,
        0.0010930851627235095,
        0.0009660835326827687
    ],
    "rank_test_score": [
        3,
        2,
        1
    ]
}