{
    "params": [
        {
            "var_smoothing": 1e-06
        },
        {
            "var_smoothing": 1e-09
        },
        {
            "var_smoothing": 1e-12
        }
    ],
    "mean_test_score": [
        0.19820788530465952,
        0.18223246287762415,
        0.18223246287762415
    ],
    "std_test_score": [
        0.03644666378023551,
        0.04291140111352577,
        0.04291140111352577
    ],
    "rank_test_score": [
        3,
        1,
        1
    ]
}