{
    "params": [
        {
            "var_smoothing": 1e-06
        },
        {
            "var_smoothing": 1e-09
        },
        {
            "var_smoothing": 1e-12
        }
    ],
    "mean_test_score": [
        0.879055182679274,
        0.8535153929629127,
        0.8523651244906851
    ],
    "std_test_score": [
        0.0031911981096362442,
        0.004747472469375946,
        0.004294719327006638
    ],
    "rank_test_score": [
        3,
        2,
        1
    ]
}