{
    "params": [
        {
            "var_smoothing": 1e-06
        },
        {
            "var_smoothing": 1e-09
        },
        {
            "var_smoothing": 1e-12
        }
    ],
    "mean_test_score": [
        0.6873684210526315,
        0.6884210526315789,
        0.6884210526315789
    ],
    "std_test_score": [
        0.02889468890802276,
        0.029426654207356566,
        0.029426654207356566
    ],
    "rank_test_score": [
        1,
        2,
        2
    ]
}