{
    "params": [
        {
            "var_smoothing": 1e-06
        },
        {
            "var_smoothing": 1e-09
        },
        {
            "var_smoothing": 1e-12
        }
    ],
    "mean_test_score": [
        0.6057945820657685,
        0.5801825293350718,
        0.5767782123714327
    ],
    "std_test_score": [
        0.04820959948707075,
        0.04833537700615401,
        0.045522149671847284
    ],
    "rank_test_score": [
        3,
        2,
        1
    ]
}