{
    "params": [
        {
            "var_smoothing": 1e-06
        },
        {
            "var_smoothing": 1e-09
        },
        {
            "var_smoothing": 1e-12
        }
    ],
    "mean_test_score": [
        0.2690234588106929,
        0.435282778687034,
        0.5982033096926713
    ],
    "std_test_score": [
        0.2864889794146331,
        0.20038205063670103,
        0.11658951092715107
    ],
    "rank_test_score": [
        1,
        2,
        3
    ]
}