{
    "params": [
        {
            "var_smoothing": 1e-06
        },
        {
            "var_smoothing": 1e-09
        },
        {
            "var_smoothing": 1e-12
        }
    ],
    "mean_test_score": [
        0.5678384191423579,
        0.6014249227046646,
        0.6245866379889771
    ],
    "std_test_score": [
        0.020466892075115158,
        0.01566086574156903,
        0.009083463858808587
    ],
    "rank_test_score": [
        1,
        2,
        3
    ]
}