{
    "params": [
        {
            "var_smoothing": 1e-06
        },
        {
            "var_smoothing": 1e-09
        },
        {
            "var_smoothing": 1e-12
        }
    ],
    "mean_test_score": [
        0.7833333333333334,
        0.7733333333333332,
        0.7733333333333332
    ],
    "std_test_score": [
        0.018257418583505512,
        0.024944382578492935,
        0.024944382578492935
    ],
    "rank_test_score": [
        3,
        1,
        1
    ]
}