{
    "params": [
        {
            "var_smoothing": 1e-06
        },
        {
            "var_smoothing": 1e-09
        },
        {
            "var_smoothing": 1e-12
        }
    ],
    "mean_test_score": [
        0.727536231884058,
        0.7472463768115942,
        0.7457971014492754
    ],
    "std_test_score": [
        0.02398977588006789,
        0.013583042914620274,
        0.015133655051833764
    ],
    "rank_test_score": [
        1,
        3,
        2
    ]
}