{
    "params": [
        {
            "var_smoothing": 1e-06
        },
        {
            "var_smoothing": 1e-09
        },
        {
            "var_smoothing": 1e-12
        }
    ],
    "mean_test_score": [
        0.605058690416743,
        0.5897738980929565,
        0.5819497733924135
    ],
    "std_test_score": [
        0.026341603223764866,
        0.01971737056371654,
        0.011102082083048057
    ],
    "rank_test_score": [
        3,
        2,
        1
    ]
}