{
    "params": [
        {
            "var_smoothing": 1e-06
        },
        {
            "var_smoothing": 1e-09
        },
        {
            "var_smoothing": 1e-12
        }
    ],
    "mean_test_score": [
        0.45295950155763237,
        0.4537605696484201,
        0.4537605696484201
    ],
    "std_test_score": [
        0.007089384157272774,
        0.008102133367316617,
        0.008102133367316617
    ],
    "rank_test_score": [
        1,
        2,
        2
    ]
}