{
    "params": [
        {
            "var_smoothing": 1e-06
        },
        {
            "var_smoothing": 1e-09
        },
        {
            "var_smoothing": 1e-12
        }
    ],
    "mean_test_score": [
        0.6902429192734063,
        0.765477159944929,
        0.8862650627848978
    ],
    "std_test_score": [
        0.00688986489290233,
        0.011166565815056583,
        0.0062781571744312484
    ],
    "rank_test_score": [
        1,
        2,
        3
    ]
}