{
    "params": [
        {
            "var_smoothing": 1e-06
        },
        {
            "var_smoothing": 1e-09
        },
        {
            "var_smoothing": 1e-12
        }
    ],
    "mean_test_score": [
        0.5583594566353187,
        0.5674503657262278,
        0.5674503657262278
    ],
    "std_test_score": [
        0.03358266046822571,
        0.03498197890027795,
        0.03498197890027795
    ],
    "rank_test_score": [
        1,
        2,
        2
    ]
}