{
    "params": [
        {
            "var_smoothing": 1e-06
        },
        {
            "var_smoothing": 1e-09
        },
        {
            "var_smoothing": 1e-12
        }
    ],
    "mean_test_score": [
        0.4728054298642534,
        0.4728054298642534,
        0.4728054298642534
    ],
    "std_test_score": [
        0.022579321538595917,
        0.022579321538595917,
        0.022579321538595917
    ],
    "rank_test_score": [
        1,
        1,
        1
    ]
}