{
    "params": [
        {
            "var_smoothing": 1e-06
        },
        {
            "var_smoothing": 1e-09
        },
        {
            "var_smoothing": 1e-12
        }
    ],
    "mean_test_score": [
        0.8839506172839506,
        0.8839506172839506,
        0.8839506172839506
    ],
    "std_test_score": [
        0.02771598064276995,
        0.03711925031697016,
        0.03711925031697016
    ],
    "rank_test_score": [
        1,
        1,
        1
    ]
}