{
    "params": [
        {
            "var_smoothing": 1e-06
        },
        {
            "var_smoothing": 1e-09
        },
        {
            "var_smoothing": 1e-12
        }
    ],
    "mean_test_score": [
        0.7054545454545454,
        0.816868686868687,
        0.7856565656565657
    ],
    "std_test_score": [
        0.024755513021479422,
        0.058929331020165475,
        0.011855677374643424
    ],
    "rank_test_score": [
        1,
        3,
        2
    ]
}