{
    "params": [
        {
            "var_smoothing": 1e-06
        },
        {
            "var_smoothing": 1e-09
        },
        {
            "var_smoothing": 1e-12
        }
    ],
    "mean_test_score": [
        0.7063157894736842,
        0.7073684210526316,
        0.7073684210526316
    ],
    "std_test_score": [
        0.030170338206245286,
        0.030571654171489687,
        0.030571654171489687
    ],
    "rank_test_score": [
        1,
        2,
        2
    ]
}