{
    "params": [
        {
            "var_smoothing": 1e-06
        },
        {
            "var_smoothing": 1e-09
        },
        {
            "var_smoothing": 1e-12
        }
    ],
    "mean_test_score": [
        0.8299360644091877,
        0.8299360644091877,
        0.8299360644091877
    ],
    "std_test_score": [
        0.028775419785364673,
        0.028775419785364673,
        0.028775419785364673
    ],
    "rank_test_score": [
        1,
        1,
        1
    ]
}