{
    "params": [
        {
            "var_smoothing": 1e-06
        },
        {
            "var_smoothing": 1e-09
        },
        {
            "var_smoothing": 1e-12
        }
    ],
    "mean_test_score": [
        0.8306214817119741,
        0.6899711869132819,
        0.6100445734006312
    ],
    "std_test_score": [
        0.01929059121030047,
        0.005903904348067651,
        0.003263219694221385
    ],
    "rank_test_score": [
        3,
        2,
        1
    ]
}