{
    "params": [
        {
            "var_smoothing": 1e-06
        },
        {
            "var_smoothing": 1e-09
        },
        {
            "var_smoothing": 1e-12
        }
    ],
    "mean_test_score": [
        0.7975545757839066,
        0.7975545757839066,
        0.7975545757839066
    ],
    "std_test_score": [
        0.0069945436046419335,
        0.0069945436046419335,
        0.0069945436046419335
    ],
    "rank_test_score": [
        1,
        1,
        1
    ]
}