{
    "params": [
        {
            "var_smoothing": 1e-06
        },
        {
            "var_smoothing": 1e-09
        },
        {
            "var_smoothing": 1e-12
        }
    ],
    "mean_test_score": [
        0.29244444444444445,
        0.288,
        0.2862222222222222
    ],
    "std_test_score": [
        0.018517925916444126,
        0.0220257985659802,
        0.023281423739926737
    ],
    "rank_test_score": [
        3,
        2,
        1
    ]
}