{
    "params": [
        {
            "var_smoothing": 1e-06
        },
        {
            "var_smoothing": 1e-09
        },
        {
            "var_smoothing": 1e-12
        }
    ],
    "mean_test_score": [
        0.6320913939972932,
        0.5688559828039169,
        0.5322108112411432
    ],
    "std_test_score": [
        0.026317080093697497,
        0.02174975868834156,
        0.023140466876308774
    ],
    "rank_test_score": [
        3,
        2,
        1
    ]
}