{
    "params": [
        {
            "var_smoothing": 1e-06
        },
        {
            "var_smoothing": 1e-09
        },
        {
            "var_smoothing": 1e-12
        }
    ],
    "mean_test_score": [
        0.6090857142857142,
        0.5522095238095238,
        0.5209142857142857
    ],
    "std_test_score": [
        0.008148641777117915,
        0.0060060136152430945,
        0.004676801434242081
    ],
    "rank_test_score": [
        3,
        2,
        1
    ]
}