{
    "params": [
        {
            "var_smoothing": 1e-06
        },
        {
            "var_smoothing": 1e-09
        },
        {
            "var_smoothing": 1e-12
        }
    ],
    "mean_test_score": [
        0.197585601404741,
        0.17107111501316946,
        0.15926251097453908
    ],
    "std_test_score": [
        0.021537135180280192,
        0.021836674431548277,
        0.02511135698457352
    ],
    "rank_test_score": [
        3,
        2,
        1
    ]
}