{
    "params": [
        {
            "var_smoothing": 1e-06
        },
        {
            "var_smoothing": 1e-09
        },
        {
            "var_smoothing": 1e-12
        }
    ],
    "mean_test_score": [
        0.802539208364451,
        0.7446041822255415,
        0.7177371172516803
    ],
    "std_test_score": [
        0.0723802937889335,
        0.11009647591379708,
        0.10220119250189745
    ],
    "rank_test_score": [
        3,
        2,
        1
    ]
}