{
    "params": [
        {
            "var_smoothing": 1e-06
        },
        {
            "var_smoothing": 1e-09
        },
        {
            "var_smoothing": 1e-12
        }
    ],
    "mean_test_score": [
        0.6839999999999999,
        0.6839999999999999,
        0.6839999999999999
    ],
    "std_test_score": [
        0.06871519320920065,
        0.06871519320920065,
        0.06871519320920065
    ],
    "rank_test_score": [
        1,
        1,
        1
    ]
}