{
    "params": [
        {
            "var_smoothing": 1e-06
        },
        {
            "var_smoothing": 1e-09
        },
        {
            "var_smoothing": 1e-12
        }
    ],
    "mean_test_score": [
        0.8458158730158731,
        0.7376507936507937,
        0.5929650793650795
    ],
    "std_test_score": [
        0.014444443049014405,
        0.031979837437353005,
        0.03877834941005098
    ],
    "rank_test_score": [
        3,
        2,
        1
    ]
}