{
    "params": [
        {
            "var_smoothing": 1e-06
        },
        {
            "var_smoothing": 1e-09
        },
        {
            "var_smoothing": 1e-12
        }
    ],
    "mean_test_score": [
        0.9131326949384405,
        0.934281805745554,
        0.9296032831737346
    ],
    "std_test_score": [
        0.03981633141702761,
        0.011937646587245856,
        0.016506271820129825
    ],
    "rank_test_score": [
        1,
        3,
        2
    ]
}