{
    "params": [
        {
            "var_smoothing": 1e-06
        },
        {
            "var_smoothing": 1e-09
        },
        {
            "var_smoothing": 1e-12
        }
    ],
    "mean_test_score": [
        0.7535307698431654,
        0.7257622800732426,
        0.690374970145689
    ],
    "std_test_score": [
        0.037123006999753114,
        0.05207009105977468,
        0.05102940145769589
    ],
    "rank_test_score": [
        3,
        2,
        1
    ]
}