{
    "params": [
        {
            "var_smoothing": 1e-06
        },
        {
            "var_smoothing": 1e-09
        },
        {
            "var_smoothing": 1e-12
        }
    ],
    "mean_test_score": [
        0.4926099089138104,
        0.4605888485231401,
        0.457715790027905
    ],
    "std_test_score": [
        0.01367450937548615,
        0.01579949964026418,
        0.015474930171030054
    ],
    "rank_test_score": [
        3,
        2,
        1
    ]
}