{
    "params": [
        {
            "var_smoothing": 1e-06
        },
        {
            "var_smoothing": 1e-09
        },
        {
            "var_smoothing": 1e-12
        }
    ],
    "mean_test_score": [
        0.8158390133073677,
        0.8234664070107108,
        0.8184031158714703
    ],
    "std_test_score": [
        0.010520473028909542,
        0.019329059943436613,
        0.00975709296234457
    ],
    "rank_test_score": [
        1,
        3,
        2
    ]
}