{
    "params": [
        {
            "var_smoothing": 1e-06
        },
        {
            "var_smoothing": 1e-09
        },
        {
            "var_smoothing": 1e-12
        }
    ],
    "mean_test_score": [
        0.9733333333333334,
        0.9733333333333334,
        0.9733333333333334
    ],
    "std_test_score": [
        0.03265986323710904,
        0.03265986323710904,
        0.03265986323710904
    ],
    "rank_test_score": [
        1,
        1,
        1
    ]
}