{
    "params": [
        {
            "var_smoothing": 1e-06
        },
        {
            "var_smoothing": 1e-09
        },
        {
            "var_smoothing": 1e-12
        }
    ],
    "mean_test_score": [
        0.24437441926231163,
        0.20573667838241833,
        0.17427786530925546
    ],
    "std_test_score": [
        0.04381761208259105,
        0.04593188686092943,
        0.04718046525445419
    ],
    "rank_test_score": [
        3,
        2,
        1
    ]
}