{
    "params": [
        {
            "var_smoothing": 1e-06
        },
        {
            "var_smoothing": 1e-09
        },
        {
            "var_smoothing": 1e-12
        }
    ],
    "mean_test_score": [
        0.449543807024122,
        0.4479565054368204,
        0.4479565054368204
    ],
    "std_test_score": [
        0.010616876599150985,
        0.009412443895752826,
        0.009412443895752826
    ],
    "rank_test_score": [
        3,
        1,
        1
    ]
}