{
    "params": [
        {
            "var_smoothing": 1e-06
        },
        {
            "var_smoothing": 1e-09
        },
        {
            "var_smoothing": 1e-12
        }
    ],
    "mean_test_score": [
        0.05411764705882353,
        0.046274509803921574,
        0.04156862745098039
    ],
    "std_test_score": [
        0.011473520657511994,
        0.012982702240977922,
        0.015409319768147845
    ],
    "rank_test_score": [
        3,
        2,
        1
    ]
}