{
    "params": [
        {
            "var_smoothing": 1e-06
        },
        {
            "var_smoothing": 1e-09
        },
        {
            "var_smoothing": 1e-12
        }
    ],
    "mean_test_score": [
        0.8003476749239461,
        0.72015065913371,
        0.6620889468347094
    ],
    "std_test_score": [
        0.03802967919916531,
        0.06622413857240009,
        0.06284387880354007
    ],
    "rank_test_score": [
        3,
        2,
        1
    ]
}