{
    "params": [
        {
            "var_smoothing": 1e-06
        },
        {
            "var_smoothing": 1e-09
        },
        {
            "var_smoothing": 1e-12
        }
    ],
    "mean_test_score": [
        0.3048888888888889,
        0.3004444444444444,
        0.3004444444444444
    ],
    "std_test_score": [
        0.015032475133589117,
        0.017005445750852437,
        0.019188473906598127
    ],
    "rank_test_score": [
        3,
        1,
        1
    ]
}