{
    "params": [
        {
            "var_smoothing": 1e-06
        },
        {
            "var_smoothing": 1e-09
        },
        {
            "var_smoothing": 1e-12
        }
    ],
    "mean_test_score": [
        0.7812121212121212,
        0.7812121212121212,
        0.7812121212121212
    ],
    "std_test_score": [
        0.018522068836286206,
        0.018522068836286206,
        0.018522068836286206
    ],
    "rank_test_score": [
        1,
        1,
        1
    ]
}