{
    "params": [
        {
            "var_smoothing": 1e-06
        },
        {
            "var_smoothing": 1e-09
        },
        {
            "var_smoothing": 1e-12
        }
    ],
    "mean_test_score": [
        0.7326315789473684,
        0.733157894736842,
        0.733157894736842
    ],
    "std_test_score": [
        0.02792947191878231,
        0.027780301516624518,
        0.027780301516624518
    ],
    "rank_test_score": [
        1,
        2,
        2
    ]
}