{
    "params": [
        {
            "var_smoothing": 1e-06
        },
        {
            "var_smoothing": 1e-09
        },
        {
            "var_smoothing": 1e-12
        }
    ],
    "mean_test_score": [
        0.7882669825184795,
        0.7624430260358404,
        0.7403826778677078
    ],
    "std_test_score": [
        0.013318977750333427,
        0.014417064865418147,
        0.015388051946395712
    ],
    "rank_test_score": [
        3,
        2,
        1
    ]
}