{
    "params": [
        {
            "var_smoothing": 1e-06
        },
        {
            "var_smoothing": 1e-09
        },
        {
            "var_smoothing": 1e-12
        }
    ],
    "mean_test_score": [
        0.5104608099083237,
        0.5104608099083237,
        0.5104608099083237
    ],
    "std_test_score": [
        0.02951344129269928,
        0.02951344129269928,
        0.02951344129269928
    ],
    "rank_test_score": [
        1,
        1,
        1
    ]
}