{
    "params": [
        {
            "var_smoothing": 1e-06
        },
        {
            "var_smoothing": 1e-09
        },
        {
            "var_smoothing": 1e-12
        }
    ],
    "mean_test_score": [
        0.37404941568924,
        0.3851805490751318,
        0.5644384020079481
    ],
    "std_test_score": [
        0.009969605063497256,
        0.0069257772592032025,
        0.01202510673572662
    ],
    "rank_test_score": [
        1,
        2,
        3
    ]
}