{
    "params": [
        {
            "var_smoothing": 1e-06
        },
        {
            "var_smoothing": 1e-09
        },
        {
            "var_smoothing": 1e-12
        }
    ],
    "mean_test_score": [
        0.5878136200716846,
        0.19810547875064005,
        0.162826420890937
    ],
    "std_test_score": [
        0.04115163763929076,
        0.02593252634209661,
        0.01757324515165192
    ],
    "rank_test_score": [
        3,
        2,
        1
    ]
}