{
    "params": [
        {
            "var_smoothing": 1e-06
        },
        {
            "var_smoothing": 1e-09
        },
        {
            "var_smoothing": 1e-12
        }
    ],
    "mean_test_score": [
        0.5837259723266942,
        0.5684405479036428,
        0.5652389651270835
    ],
    "std_test_score": [
        0.016200689311763588,
        0.012452855572187015,
        0.008583612908061661
    ],
    "rank_test_score": [
        3,
        2,
        1
    ]
}