{
    "params": [
        {
            "var_smoothing": 1e-06
        },
        {
            "var_smoothing": 1e-09
        },
        {
            "var_smoothing": 1e-12
        }
    ],
    "mean_test_score": [
        0.665524193548387,
        0.665524193548387,
        0.665524193548387
    ],
    "std_test_score": [
        0.09667417546518328,
        0.09667417546518328,
        0.09667417546518328
    ],
    "rank_test_score": [
        1,
        1,
        1
    ]
}