{
    "params": [
        {
            "var_smoothing": 1e-06
        },
        {
            "var_smoothing": 1e-09
        },
        {
            "var_smoothing": 1e-12
        }
    ],
    "mean_test_score": [
        0.7857254901960784,
        0.7777254901960784,
        0.7817254901960784
    ],
    "std_test_score": [
        0.03866085944539409,
        0.04474673056429679,
        0.03800613075051371
    ],
    "rank_test_score": [
        3,
        1,
        2
    ]
}