{
    "params": [
        {
            "var_smoothing": 1e-06
        },
        {
            "var_smoothing": 1e-09
        },
        {
            "var_smoothing": 1e-12
        }
    ],
    "mean_test_score": [
        0.13602019862319173,
        0.10344813529612588,
        0.09290806161497267
    ],
    "std_test_score": [
        0.01793464474899856,
        0.011533235903221277,
        0.009123048405557048
    ],
    "rank_test_score": [
        3,
        2,
        1
    ]
}