{
    "params": [
        {
            "var_smoothing": 1e-06
        },
        {
            "var_smoothing": 1e-09
        },
        {
            "var_smoothing": 1e-12
        }
    ],
    "mean_test_score": [
        0.8177777777777777,
        0.8222222222222222,
        0.8355555555555554
    ],
    "std_test_score": [
        0.02227155019018207,
        0.020420812966059576,
        0.031566334448388925
    ],
    "rank_test_score": [
        1,
        2,
        3
    ]
}