{
    "params": [
        {
            "var_smoothing": 1e-06
        },
        {
            "var_smoothing": 1e-09
        },
        {
            "var_smoothing": 1e-12
        }
    ],
    "mean_test_score": [
        0.6447175732217574,
        0.6096792189679219,
        0.5988493723849373
    ],
    "std_test_score": [
        0.015816331576064088,
        0.007473736928517002,
        0.01909007756788086
    ],
    "rank_test_score": [
        3,
        2,
        1
    ]
}