{
    "params": [
        {
            "var_smoothing": 1e-06
        },
        {
            "var_smoothing": 1e-09
        },
        {
            "var_smoothing": 1e-12
        }
    ],
    "mean_test_score": [
        0.2893545191513512,
        0.2116832362971183,
        0.20627213717829834
    ],
    "std_test_score": [
        0.01290322106337476,
        0.0043164283207487554,
        0.006928773494817105
    ],
    "rank_test_score": [
        3,
        2,
        1
    ]
}