{
    "params": [
        {
            "var_smoothing": 1e-06
        },
        {
            "var_smoothing": 1e-09
        },
        {
            "var_smoothing": 1e-12
        }
    ],
    "mean_test_score": [
        0.3532710280373832,
        0.3457943925233645,
        0.3457943925233645
    ],
    "std_test_score": [
        0.07578742030920857,
        0.08885879868414738,
        0.08885879868414738
    ],
    "rank_test_score": [
        3,
        1,
        1
    ]
}