{
    "params": [
        {
            "var_smoothing": 1e-06
        },
        {
            "var_smoothing": 1e-09
        },
        {
            "var_smoothing": 1e-12
        }
    ],
    "mean_test_score": [
        0.5256749919640599,
        0.32628085360445125,
        0.30132942227933357
    ],
    "std_test_score": [
        0.0018144056046439233,
        0.003037331584013466,
        0.0022250272830823103
    ],
    "rank_test_score": [
        3,
        2,
        1
    ]
}