{
    "params": [
        {
            "var_smoothing": 1e-06
        },
        {
            "var_smoothing": 1e-09
        },
        {
            "var_smoothing": 1e-12
        }
    ],
    "mean_test_score": [
        0.40711111111111115,
        0.32355555555555554,
        0.3208888888888889
    ],
    "std_test_score": [
        0.026158113723666075,
        0.03847975257229042,
        0.03878653196314922
    ],
    "rank_test_score": [
        3,
        2,
        1
    ]
}