{
    "params": [
        {
            "var_smoothing": 1e-06
        },
        {
            "var_smoothing": 1e-09
        },
        {
            "var_smoothing": 1e-12
        }
    ],
    "mean_test_score": [
        0.8361837639260472,
        0.8279678952202213,
        0.8273349838278161
    ],
    "std_test_score": [
        0.020609682878089532,
        0.022780800721263664,
        0.023562012523893998
    ],
    "rank_test_score": [
        3,
        2,
        1
    ]
}