{
    "params": [
        {
            "var_smoothing": 1e-06
        },
        {
            "var_smoothing": 1e-09
        },
        {
            "var_smoothing": 1e-12
        }
    ],
    "mean_test_score": [
        0.8612522766140938,
        0.7866341192463422,
        0.6383803078362299
    ],
    "std_test_score": [
        0.005750084751297628,
        0.016311220509830523,
        0.06369654526440231
    ],
    "rank_test_score": [
        3,
        2,
        1
    ]
}