{
    "params": [
        {
            "var_smoothing": 1e-06
        },
        {
            "var_smoothing": 1e-09
        },
        {
            "var_smoothing": 1e-12
        }
    ],
    "mean_test_score": [
        0.7728523878222614,
        0.7728523878222614,
        0.7728523878222614
    ],
    "std_test_score": [
        0.01635206831145195,
        0.01635206831145195,
        0.01635206831145195
    ],
    "rank_test_score": [
        1,
        1,
        1
    ]
}