{
    "params": [
        {
            "var_smoothing": 1e-06
        },
        {
            "var_smoothing": 1e-09
        },
        {
            "var_smoothing": 1e-12
        }
    ],
    "mean_test_score": [
        0.9591339101338818,
        0.9071085750925076,
        0.8957845874906212
    ],
    "std_test_score": [
        0.002276996447519563,
        0.006523753222008095,
        0.012323992743365838
    ],
    "rank_test_score": [
        3,
        2,
        1
    ]
}