{
    "params": [
        {
            "var_smoothing": 1e-06
        },
        {
            "var_smoothing": 1e-09
        },
        {
            "var_smoothing": 1e-12
        }
    ],
    "mean_test_score": [
        0.5074681297228881,
        0.28034280994749516,
        0.15803184614311994
    ],
    "std_test_score": [
        0.00969874306950297,
        0.1254870886076635,
        0.0402981725747267
    ],
    "rank_test_score": [
        3,
        2,
        1
    ]
}