{
    "params": [
        {
            "var_smoothing": 1e-06
        },
        {
            "var_smoothing": 1e-09
        },
        {
            "var_smoothing": 1e-12
        }
    ],
    "mean_test_score": [
        0.42772464388405423,
        0.19841036863010386,
        0.18099301827976594
    ],
    "std_test_score": [
        0.032657246739514735,
        0.041452175057647846,
        0.04130521895307165
    ],
    "rank_test_score": [
        3,
        2,
        1
    ]
}