{
    "params": [
        {
            "var_smoothing": 1e-06
        },
        {
            "var_smoothing": 1e-09
        },
        {
            "var_smoothing": 1e-12
        }
    ],
    "mean_test_score": [
        0.7673563218390804,
        0.6848275862068965,
        0.6781609195402298
    ],
    "std_test_score": [
        0.09533330838800191,
        0.026674592559743065,
        0.04597701149425286
    ],
    "rank_test_score": [
        3,
        2,
        1
    ]
}