{
    "params": [
        {
            "var_smoothing": 1e-06
        },
        {
            "var_smoothing": 1e-09
        },
        {
            "var_smoothing": 1e-12
        }
    ],
    "mean_test_score": [
        0.5462900976290097,
        0.5187691771269177,
        0.4854253835425384
    ],
    "std_test_score": [
        0.015616980823538662,
        0.006983723330063939,
        0.019993541539328134
    ],
    "rank_test_score": [
        3,
        2,
        1
    ]
}