{
    "params": [
        {
            "var_smoothing": 1e-06
        },
        {
            "var_smoothing": 1e-09
        },
        {
            "var_smoothing": 1e-12
        }
    ],
    "mean_test_score": [
        0.6889473684210526,
        0.6889473684210526,
        0.6889473684210526
    ],
    "std_test_score": [
        0.031155049656734206,
        0.031155049656734206,
        0.031155049656734206
    ],
    "rank_test_score": [
        1,
        1,
        1
    ]
}