{
    "params": [
        {
            "var_smoothing": 1e-06
        },
        {
            "var_smoothing": 1e-09
        },
        {
            "var_smoothing": 1e-12
        }
    ],
    "mean_test_score": [
        0.579633891213389,
        0.537081589958159,
        0.5062308228730823
    ],
    "std_test_score": [
        0.020803711076400777,
        0.029061676155902102,
        0.025571427698965744
    ],
    "rank_test_score": [
        3,
        2,
        1
    ]
}