{
    "params": [
        {
            "var_smoothing": 1e-06
        },
        {
            "var_smoothing": 1e-09
        },
        {
            "var_smoothing": 1e-12
        }
    ],
    "mean_test_score": [
        0.46091340721260304,
        0.20404233109871345,
        0.19576625673299586
    ],
    "std_test_score": [
        0.05431227116045669,
        0.003488465856769741,
        0.0033687495130081744
    ],
    "rank_test_score": [
        3,
        2,
        1
    ]
}