{
    "params": [
        {
            "var_smoothing": 1e-06
        },
        {
            "var_smoothing": 1e-09
        },
        {
            "var_smoothing": 1e-12
        }
    ],
    "mean_test_score": [
        0.7552474463777383,
        0.7552474463777383,
        0.7552474463777383
    ],
    "std_test_score": [
        0.0122359638479595,
        0.0122359638479595,
        0.0122359638479595
    ],
    "rank_test_score": [
        1,
        1,
        1
    ]
}