{
    "params": [
        {
            "var_smoothing": 1e-06
        },
        {
            "var_smoothing": 1e-09
        },
        {
            "var_smoothing": 1e-12
        }
    ],
    "mean_test_score": [
        0.9088215488215488,
        0.8687542087542088,
        0.8613468013468013
    ],
    "std_test_score": [
        0.025527481774088107,
        0.02863212240240755,
        0.021601786759810313
    ],
    "rank_test_score": [
        3,
        2,
        1
    ]
}