{
    "params": [
        {
            "var_smoothing": 1e-06
        },
        {
            "var_smoothing": 1e-09
        },
        {
            "var_smoothing": 1e-12
        }
    ],
    "mean_test_score": [
        0.6402659873706567,
        0.6000853334007572,
        0.586929451401048
    ],
    "std_test_score": [
        0.039625650845766296,
        0.02168830527909148,
        0.01937157801814288
    ],
    "rank_test_score": [
        3,
        2,
        1
    ]
}