{
    "params": [
        {
            "var_smoothing": 1e-06
        },
        {
            "var_smoothing": 1e-09
        },
        {
            "var_smoothing": 1e-12
        }
    ],
    "mean_test_score": [
        0.41681356223083893,
        0.504832268756134,
        0.5645852439410273
    ],
    "std_test_score": [
        0.013079837856399086,
        0.01397950673997736,
        0.008820790240283908
    ],
    "rank_test_score": [
        1,
        2,
        3
    ]
}