{
    "params": [
        {
            "var_smoothing": 1e-06
        },
        {
            "var_smoothing": 1e-09
        },
        {
            "var_smoothing": 1e-12
        }
    ],
    "mean_test_score": [
        0.4920962199312715,
        0.48728522336769764,
        0.5017182130584192
    ],
    "std_test_score": [
        0.021449466026566655,
        0.020318550514219234,
        0.017250722196578874
    ],
    "rank_test_score": [
        2,
        1,
        3
    ]
}