{
    "params": [
        {
            "var_smoothing": 1e-06
        },
        {
            "var_smoothing": 1e-09
        },
        {
            "var_smoothing": 1e-12
        }
    ],
    "mean_test_score": [
        0.7205477270917922,
        0.6839025555290184,
        0.6611336677016161
    ],
    "std_test_score": [
        0.032788752080520074,
        0.029264096520488038,
        0.024864927383139432
    ],
    "rank_test_score": [
        3,
        2,
        1
    ]
}