{
    "params": [
        {
            "var_smoothing": 1e-06
        },
        {
            "var_smoothing": 1e-09
        },
        {
            "var_smoothing": 1e-12
        }
    ],
    "mean_test_score": [
        0.7739251550509829,
        0.7737779880163986,
        0.7737779880163986
    ],
    "std_test_score": [
        0.0016429075468554935,
        0.001688907833603233,
        0.001688907833603233
    ],
    "rank_test_score": [
        3,
        1,
        1
    ]
}