{
    "params": [
        {
            "var_smoothing": 1e-06
        },
        {
            "var_smoothing": 1e-09
        },
        {
            "var_smoothing": 1e-12
        }
    ],
    "mean_test_score": [
        0.6117714285714285,
        0.5574666666666667,
        0.5297904761904761
    ],
    "std_test_score": [
        0.00588956569935206,
        0.004539411691331985,
        0.005180252053507473
    ],
    "rank_test_score": [
        3,
        2,
        1
    ]
}