{
    "params": [
        {
            "var_smoothing": 1e-06
        },
        {
            "var_smoothing": 1e-09
        },
        {
            "var_smoothing": 1e-12
        }
    ],
    "mean_test_score": [
        0.5475555555555556,
        0.45866666666666667,
        0.45866666666666667
    ],
    "std_test_score": [
        0.010289632802480226,
        0.02456937770859601,
        0.02456937770859601
    ],
    "rank_test_score": [
        3,
        1,
        1
    ]
}