{
    "params": [
        {
            "var_smoothing": 1e-06
        },
        {
            "var_smoothing": 1e-09
        },
        {
            "var_smoothing": 1e-12
        }
    ],
    "mean_test_score": [
        0.7089655172413792,
        0.668735632183908,
        0.6689655172413793
    ],
    "std_test_score": [
        0.05279554463800894,
        0.045261092798749694,
        0.05690293706187471
    ],
    "rank_test_score": [
        3,
        1,
        2
    ]
}