{
    "params": [
        {
            "var_smoothing": 1e-06
        },
        {
            "var_smoothing": 1e-09
        },
        {
            "var_smoothing": 1e-12
        }
    ],
    "mean_test_score": [
        0.2219607843137255,
        0.17176470588235293,
        0.16784313725490196
    ],
    "std_test_score": [
        0.033515075481131765,
        0.0407843137254902,
        0.03916859918175301
    ],
    "rank_test_score": [
        3,
        2,
        1
    ]
}