{
    "params": [
        {
            "var_smoothing": 1e-06
        },
        {
            "var_smoothing": 1e-09
        },
        {
            "var_smoothing": 1e-12
        }
    ],
    "mean_test_score": [
        0.6135932946909983,
        0.5997206121249281,
        0.5908332964608762
    ],
    "std_test_score": [
        0.019482517521649277,
        0.012172732794263116,
        0.013216047068340758
    ],
    "rank_test_score": [
        3,
        2,
        1
    ]
}