{
    "params": [
        {
            "var_smoothing": 1e-06
        },
        {
            "var_smoothing": 1e-09
        },
        {
            "var_smoothing": 1e-12
        }
    ],
    "mean_test_score": [
        0.49192380952380954,
        0.4485142857142857,
        0.42354285714285717
    ],
    "std_test_score": [
        0.006557307118321585,
        0.006642568691467302,
        0.0056034974501171465
    ],
    "rank_test_score": [
        3,
        2,
        1
    ]
}