{
    "params": [
        {
            "var_smoothing": 1e-06
        },
        {
            "var_smoothing": 1e-09
        },
        {
            "var_smoothing": 1e-12
        }
    ],
    "mean_test_score": [
        0.8400205761316872,
        0.8400205761316872,
        0.8400205761316872
    ],
    "std_test_score": [
        0.009830353239169753,
        0.009830353239169753,
        0.009830353239169753
    ],
    "rank_test_score": [
        1,
        1,
        1
    ]
}