{
    "params": [
        {
            "var_smoothing": 1e-06
        },
        {
            "var_smoothing": 1e-09
        },
        {
            "var_smoothing": 1e-12
        }
    ],
    "mean_test_score": [
        0.5631238095238095,
        0.5112,
        0.4792190476190476
    ],
    "std_test_score": [
        0.008119604784680766,
        0.012283957054102287,
        0.012521024495693981
    ],
    "rank_test_score": [
        3,
        2,
        1
    ]
}