{
    "params": [
        {
            "var_smoothing": 1e-06
        },
        {
            "var_smoothing": 1e-09
        },
        {
            "var_smoothing": 1e-12
        }
    ],
    "mean_test_score": [
        0.5110095238095238,
        0.4604952380952382,
        0.39883809523809527
    ],
    "std_test_score": [
        0.0035845979416983505,
        0.003508279807952103,
        0.020540488195970368
    ],
    "rank_test_score": [
        3,
        2,
        1
    ]
}