{
    "params": [
        {
            "var_smoothing": 1e-06
        },
        {
            "var_smoothing": 1e-09
        },
        {
            "var_smoothing": 1e-12
        }
    ],
    "mean_test_score": [
        0.2692253018307338,
        0.23215286703754012,
        0.1966643144751511
    ],
    "std_test_score": [
        0.01671408073923697,
        0.006211404616121684,
        0.016240123117402635
    ],
    "rank_test_score": [
        3,
        2,
        1
    ]
}