{
    "params": [
        {
            "var_smoothing": 1e-06
        },
        {
            "var_smoothing": 1e-09
        },
        {
            "var_smoothing": 1e-12
        }
    ],
    "mean_test_score": [
        0.9181732919702762,
        0.8892720582930524,
        0.888067239015944
    ],
    "std_test_score": [
        0.004772785096107336,
        0.013648859307821197,
        0.013116920918576212
    ],
    "rank_test_score": [
        3,
        2,
        1
    ]
}