{
    "params": [
        {
            "var_smoothing": 1e-06
        },
        {
            "var_smoothing": 1e-09
        },
        {
            "var_smoothing": 1e-12
        }
    ],
    "mean_test_score": [
        0.8,
        0.7833333333333334,
        0.7833333333333334
    ],
    "std_test_score": [
        0.04346134936801767,
        0.03651483716701111,
        0.03651483716701111
    ],
    "rank_test_score": [
        3,
        1,
        1
    ]
}