{
    "params": [
        {
            "var_smoothing": 1e-06
        },
        {
            "var_smoothing": 1e-09
        },
        {
            "var_smoothing": 1e-12
        }
    ],
    "mean_test_score": [
        0.9946666666666667,
        0.47426666666666667,
        0.12746666666666667
    ],
    "std_test_score": [
        0.0017384539747206935,
        0.17072582308094658,
        0.10115721537400198
    ],
    "rank_test_score": [
        3,
        2,
        1
    ]
}