{
    "params": [
        {
            "var_smoothing": 1e-06
        },
        {
            "var_smoothing": 1e-09
        },
        {
            "var_smoothing": 1e-12
        }
    ],
    "mean_test_score": [
        0.8987654320987655,
        0.9012345679012347,
        0.9012345679012347
    ],
    "std_test_score": [
        0.031620366604606646,
        0.039040464940350364,
        0.039040464940350364
    ],
    "rank_test_score": [
        1,
        2,
        2
    ]
}