{
    "params": [
        {
            "var_smoothing": 1e-06
        },
        {
            "var_smoothing": 1e-09
        },
        {
            "var_smoothing": 1e-12
        }
    ],
    "mean_test_score": [
        0.905146167317796,
        0.9082954698541389,
        0.9156460877126376
    ],
    "std_test_score": [
        0.00823212182149749,
        0.007392443636761561,
        0.004744162996761267
    ],
    "rank_test_score": [
        1,
        2,
        3
    ]
}