{
    "params": [
        {
            "var_smoothing": 1e-06
        },
        {
            "var_smoothing": 1e-09
        },
        {
            "var_smoothing": 1e-12
        }
    ],
    "mean_test_score": [
        0.6615197908887229,
        0.8026699029126213,
        0.7658140403286036
    ],
    "std_test_score": [
        0.029196646040896595,
        0.027402408291645818,
        0.03726886177855662
    ],
    "rank_test_score": [
        1,
        3,
        2
    ]
}