{
    "params": [
        {
            "var_smoothing": 1e-06
        },
        {
            "var_smoothing": 1e-09
        },
        {
            "var_smoothing": 1e-12
        }
    ],
    "mean_test_score": [
        0.7155757700664492,
        0.6906296178056525,
        0.659608470697266
    ],
    "std_test_score": [
        0.005479814875024622,
        0.008487631093194784,
        0.0025769108066436563
    ],
    "rank_test_score": [
        3,
        2,
        1
    ]
}