{
    "params": [
        {
            "var_smoothing": 1e-06
        },
        {
            "var_smoothing": 1e-09
        },
        {
            "var_smoothing": 1e-12
        }
    ],
    "mean_test_score": [
        0.5126464695525469,
        0.5126464695525469,
        0.5126464695525469
    ],
    "std_test_score": [
        0.008436095354818172,
        0.008436095354818172,
        0.008436095354818172
    ],
    "rank_test_score": [
        1,
        1,
        1
    ]
}