{
    "params": [
        {
            "var_smoothing": 1e-06
        },
        {
            "var_smoothing": 1e-09
        },
        {
            "var_smoothing": 1e-12
        }
    ],
    "mean_test_score": [
        0.03764705882352941,
        0.03137254901960784,
        0.03058823529411765
    ],
    "std_test_score": [
        0.01798799206459563,
        0.020452399702596546,
        0.01895379760563854
    ],
    "rank_test_score": [
        3,
        2,
        1
    ]
}