{
    "params": [
        {
            "var_smoothing": 1e-06
        },
        {
            "var_smoothing": 1e-09
        },
        {
            "var_smoothing": 1e-12
        }
    ],
    "mean_test_score": [
        0.9798666666666666,
        0.9801333333333332,
        0.9801333333333332
    ],
    "std_test_score": [
        0.003194439613522922,
        0.0038273866918419595,
        0.0038273866918419595
    ],
    "rank_test_score": [
        1,
        2,
        2
    ]
}