{
    "params": [
        {
            "var_smoothing": 1e-06
        },
        {
            "var_smoothing": 1e-09
        },
        {
            "var_smoothing": 1e-12
        }
    ],
    "mean_test_score": [
        0.8478260869565217,
        0.8478260869565217,
        0.8434782608695652
    ],
    "std_test_score": [
        0.03888813873912675,
        0.03888813873912675,
        0.037401414204533134
    ],
    "rank_test_score": [
        2,
        2,
        1
    ]
}