{
    "params": [
        {
            "var_smoothing": 1e-06
        },
        {
            "var_smoothing": 1e-09
        },
        {
            "var_smoothing": 1e-12
        }
    ],
    "mean_test_score": [
        0.8550464535729215,
        0.8541970126054625,
        0.8523775074037221
    ],
    "std_test_score": [
        0.0018905824152733648,
        0.0013587363641612965,
        0.001976238162185664
    ],
    "rank_test_score": [
        3,
        2,
        1
    ]
}