{
    "params": [
        {
            "var_smoothing": 1e-06
        },
        {
            "var_smoothing": 1e-09
        },
        {
            "var_smoothing": 1e-12
        }
    ],
    "mean_test_score": [
        0.5075000000000001,
        0.5075000000000001,
        0.5075000000000001
    ],
    "std_test_score": [
        0.015456030825826179,
        0.015456030825826179,
        0.015456030825826179
    ],
    "rank_test_score": [
        1,
        1,
        1
    ]
}