{
    "params": [
        {
            "var_smoothing": 1e-06
        },
        {
            "var_smoothing": 1e-09
        },
        {
            "var_smoothing": 1e-12
        }
    ],
    "mean_test_score": [
        0.3271111111111111,
        0.32533333333333336,
        0.32355555555555554
    ],
    "std_test_score": [
        0.01074048530986185,
        0.013303670708529563,
        0.013597385369580751
    ],
    "rank_test_score": [
        3,
        2,
        1
    ]
}