{
    "params": [
        {
            "var_smoothing": 1e-06
        },
        {
            "var_smoothing": 1e-09
        },
        {
            "var_smoothing": 1e-12
        }
    ],
    "mean_test_score": [
        0.6145059151009047,
        0.6099164926931107,
        0.6044876478775226
    ],
    "std_test_score": [
        0.014966712414060022,
        0.015244196205589425,
        0.018634804599514596
    ],
    "rank_test_score": [
        3,
        2,
        1
    ]
}