{
    "params": [
        {
            "var_smoothing": 1e-06
        },
        {
            "var_smoothing": 1e-09
        },
        {
            "var_smoothing": 1e-12
        }
    ],
    "mean_test_score": [
        0.7430053931802366,
        0.7271390048712596,
        0.7250513221990257
    ],
    "std_test_score": [
        0.03869212214829898,
        0.06843668583728889,
        0.07247610537227327
    ],
    "rank_test_score": [
        3,
        2,
        1
    ]
}