{
    "params": [
        {
            "var_smoothing": 1e-06
        },
        {
            "var_smoothing": 1e-09
        },
        {
            "var_smoothing": 1e-12
        }
    ],
    "mean_test_score": [
        0.16198419666374014,
        0.15320456540825286,
        0.1443371378402107
    ],
    "std_test_score": [
        0.0497001967454856,
        0.04383160011613554,
        0.05012442883590065
    ],
    "rank_test_score": [
        3,
        2,
        1
    ]
}