{
    "params": [
        {
            "var_smoothing": 1e-06
        },
        {
            "var_smoothing": 1e-09
        },
        {
            "var_smoothing": 1e-12
        }
    ],
    "mean_test_score": [
        0.6594758064516129,
        0.6594758064516129,
        0.6594758064516129
    ],
    "std_test_score": [
        0.06890443585079811,
        0.06890443585079811,
        0.06890443585079811
    ],
    "rank_test_score": [
        1,
        1,
        1
    ]
}