{
    "params": [
        {
            "var_smoothing": 1e-06
        },
        {
            "var_smoothing": 1e-09
        },
        {
            "var_smoothing": 1e-12
        }
    ],
    "mean_test_score": [
        0.8602984008564531,
        0.8454053733411537,
        0.8511265604960447
    ],
    "std_test_score": [
        0.005221845249572099,
        0.0033637792318251935,
        0.0026919390224122044
    ],
    "rank_test_score": [
        3,
        1,
        2
    ]
}