{
    "params": [
        {
            "var_smoothing": 1e-06
        },
        {
            "var_smoothing": 1e-09
        },
        {
            "var_smoothing": 1e-12
        }
    ],
    "mean_test_score": [
        0.8456634588507767,
        0.8235255360779459,
        0.8260551850816595
    ],
    "std_test_score": [
        0.00910065621227081,
        0.022351562369445202,
        0.02014861923307827
    ],
    "rank_test_score": [
        3,
        1,
        2
    ]
}