{
    "params": [
        {
            "var_smoothing": 1e-06
        },
        {
            "var_smoothing": 1e-09
        },
        {
            "var_smoothing": 1e-12
        }
    ],
    "mean_test_score": [
        0.795967741935484,
        0.7578629032258065,
        0.7451612903225807
    ],
    "std_test_score": [
        0.03396205111168641,
        0.05962563140894791,
        0.057618272922830484
    ],
    "rank_test_score": [
        3,
        2,
        1
    ]
}