{
    "params": [
        {
            "var_smoothing": 1e-06
        },
        {
            "var_smoothing": 1e-09
        },
        {
            "var_smoothing": 1e-12
        }
    ],
    "mean_test_score": [
        0.9132071061243572,
        0.9132071061243572,
        0.9132071061243572
    ],
    "std_test_score": [
        0.015490613926123336,
        0.015490613926123336,
        0.015490613926123336
    ],
    "rank_test_score": [
        1,
        1,
        1
    ]
}