{
    "params": [
        {
            "var_smoothing": 1e-06
        },
        {
            "var_smoothing": 1e-09
        },
        {
            "var_smoothing": 1e-12
        }
    ],
    "mean_test_score": [
        0.22982444805902236,
        0.21916110545277653,
        0.21374987965482473
    ],
    "std_test_score": [
        0.007181662973697943,
        0.008139181823808838,
        0.006484279963049177
    ],
    "rank_test_score": [
        3,
        2,
        1
    ]
}