{
    "params": [
        {
            "var_smoothing": 1e-06
        },
        {
            "var_smoothing": 1e-09
        },
        {
            "var_smoothing": 1e-12
        }
    ],
    "mean_test_score": [
        0.5508212560386474,
        0.4676328502415458,
        0.38859903381642513
    ],
    "std_test_score": [
        0.059919274812344006,
        0.1199908979254724,
        0.10476058995838847
    ],
    "rank_test_score": [
        3,
        2,
        1
    ]
}