{
    "params": [
        {
            "var_smoothing": 1e-06
        },
        {
            "var_smoothing": 1e-09
        },
        {
            "var_smoothing": 1e-12
        }
    ],
    "mean_test_score": [
        0.8797630950635702,
        0.8523949839723818,
        0.8503304352182539
    ],
    "std_test_score": [
        0.003076073159050635,
        0.00507461749999653,
        0.0026649155004164183
    ],
    "rank_test_score": [
        3,
        2,
        1
    ]
}