{
    "params": [
        {
            "var_smoothing": 1e-06
        },
        {
            "var_smoothing": 1e-09
        },
        {
            "var_smoothing": 1e-12
        }
    ],
    "mean_test_score": [
        0.6608237647877523,
        0.6395450591510091,
        0.6320346207376478
    ],
    "std_test_score": [
        0.01442761021799653,
        0.02722086438272943,
        0.0272728056310623
    ],
    "rank_test_score": [
        3,
        2,
        1
    ]
}