{
    "params": [
        {
            "var_smoothing": 1e-06
        },
        {
            "var_smoothing": 1e-09
        },
        {
            "var_smoothing": 1e-12
        }
    ],
    "mean_test_score": [
        0.3251532233476918,
        0.14961220052998012,
        0.13763691124858457
    ],
    "std_test_score": [
        0.004294193966280115,
        0.0012150654214910827,
        0.0011347941649186234
    ],
    "rank_test_score": [
        3,
        2,
        1
    ]
}