{
    "params": [
        {
            "var_smoothing": 1e-06
        },
        {
            "var_smoothing": 1e-09
        },
        {
            "var_smoothing": 1e-12
        }
    ],
    "mean_test_score": [
        0.37,
        0.41,
        0.41
    ],
    "std_test_score": [
        0.06000000000000001,
        0.11135528725660042,
        0.11135528725660042
    ],
    "rank_test_score": [
        1,
        2,
        2
    ]
}