{
    "params": [
        {
            "var_smoothing": 1e-06
        },
        {
            "var_smoothing": 1e-09
        },
        {
            "var_smoothing": 1e-12
        }
    ],
    "mean_test_score": [
        0.5082630077105215,
        0.5082630077105215,
        0.5082630077105215
    ],
    "std_test_score": [
        0.02726046142177911,
        0.02726046142177911,
        0.02726046142177911
    ],
    "rank_test_score": [
        1,
        1,
        1
    ]
}