{
    "params": [
        {
            "var_smoothing": 1e-06
        },
        {
            "var_smoothing": 1e-09
        },
        {
            "var_smoothing": 1e-12
        }
    ],
    "mean_test_score": [
        0.8150724637681159,
        0.6797101449275363,
        0.6785507246376812
    ],
    "std_test_score": [
        0.010107591753137805,
        0.013564474152808788,
        0.012104703198736867
    ],
    "rank_test_score": [
        3,
        2,
        1
    ]
}