{
    "params": [
        {
            "var_smoothing": 1e-06
        },
        {
            "var_smoothing": 1e-09
        },
        {
            "var_smoothing": 1e-12
        }
    ],
    "mean_test_score": [
        0.8319528047881188,
        0.8307814992025518,
        0.8307814992025518
    ],
    "std_test_score": [
        0.017163031591826278,
        0.017734886148016046,
        0.017734886148016046
    ],
    "rank_test_score": [
        3,
        1,
        1
    ]
}