{
    "params": [
        {
            "var_smoothing": 1e-06
        },
        {
            "var_smoothing": 1e-09
        },
        {
            "var_smoothing": 1e-12
        }
    ],
    "mean_test_score": [
        0.25656476597297173,
        0.20293122843287778,
        0.19529057659273674
    ],
    "std_test_score": [
        0.01678937905562455,
        0.007402695162239322,
        0.006271208060099734
    ],
    "rank_test_score": [
        3,
        2,
        1
    ]
}