{
    "params": [
        {
            "var_smoothing": 1e-06
        },
        {
            "var_smoothing": 1e-09
        },
        {
            "var_smoothing": 1e-12
        }
    ],
    "mean_test_score": [
        0.4020357336495245,
        0.28155349153023324,
        0.26388555300508243
    ],
    "std_test_score": [
        0.014003241828163277,
        0.006318238489461125,
        0.007571896970131042
    ],
    "rank_test_score": [
        3,
        2,
        1
    ]
}