{
    "params": [
        {
            "var_smoothing": 1e-06
        },
        {
            "var_smoothing": 1e-09
        },
        {
            "var_smoothing": 1e-12
        }
    ],
    "mean_test_score": [
        0.8339130434782609,
        0.8150724637681159,
        0.8142028985507246
    ],
    "std_test_score": [
        0.03583668526694503,
        0.016866477131566568,
        0.0158336235173886
    ],
    "rank_test_score": [
        3,
        2,
        1
    ]
}