{
    "params": [
        {
            "var_smoothing": 1e-06
        },
        {
            "var_smoothing": 1e-09
        },
        {
            "var_smoothing": 1e-12
        }
    ],
    "mean_test_score": [
        0.42113805998510256,
        0.29444600682040445,
        0.27630226147586257
    ],
    "std_test_score": [
        0.017914858652741256,
        0.004315203906415674,
        0.0057789879568576
    ],
    "rank_test_score": [
        3,
        2,
        1
    ]
}