{
    "params": [
        {
            "var_smoothing": 1e-06
        },
        {
            "var_smoothing": 1e-09
        },
        {
            "var_smoothing": 1e-12
        }
    ],
    "mean_test_score": [
        0.6851981351981353,
        0.6851981351981353,
        0.6851981351981353
    ],
    "std_test_score": [
        0.01792800384455515,
        0.01792800384455515,
        0.01792800384455515
    ],
    "rank_test_score": [
        1,
        1,
        1
    ]
}