{
    "params": [
        {
            "var_smoothing": 1e-06
        },
        {
            "var_smoothing": 1e-09
        },
        {
            "var_smoothing": 1e-12
        }
    ],
    "mean_test_score": [
        0.7901492104881936,
        0.756120527306968,
        0.6708242792988556
    ],
    "std_test_score": [
        0.04038522320447052,
        0.05827189869874173,
        0.1093636950346567
    ],
    "rank_test_score": [
        3,
        2,
        1
    ]
}