{
    "params": [
        {
            "var_smoothing": 1e-06
        },
        {
            "var_smoothing": 1e-09
        },
        {
            "var_smoothing": 1e-12
        }
    ],
    "mean_test_score": [
        0.9290094509775629,
        0.9097684149772745,
        0.9037515330784214
    ],
    "std_test_score": [
        0.006930602561563419,
        0.014598360059193008,
        0.02075084284162012
    ],
    "rank_test_score": [
        3,
        2,
        1
    ]
}