{
    "params": [
        {
            "var_smoothing": 1e-06
        },
        {
            "var_smoothing": 1e-09
        },
        {
            "var_smoothing": 1e-12
        }
    ],
    "mean_test_score": [
        0.8820877817319097,
        0.8092526690391459,
        0.7020166073546857
    ],
    "std_test_score": [
        0.012964247774438194,
        0.02347915543295467,
        0.03191315297700462
    ],
    "rank_test_score": [
        3,
        2,
        1
    ]
}