{
    "params": [
        {
            "var_smoothing": 1e-06
        },
        {
            "var_smoothing": 1e-09
        },
        {
            "var_smoothing": 1e-12
        }
    ],
    "mean_test_score": [
        0.5535527690700104,
        0.5535527690700104,
        0.5535527690700104
    ],
    "std_test_score": [
        0.04925936336431452,
        0.04925936336431452,
        0.04925936336431452
    ],
    "rank_test_score": [
        1,
        1,
        1
    ]
}