{
    "params": [
        {
            "var_smoothing": 1e-06
        },
        {
            "var_smoothing": 1e-09
        },
        {
            "var_smoothing": 1e-12
        }
    ],
    "mean_test_score": [
        0.7481927710843373,
        0.7481927710843373,
        0.7481927710843373
    ],
    "std_test_score": [
        0.007761505257063318,
        0.007761505257063318,
        0.007761505257063318
    ],
    "rank_test_score": [
        1,
        1,
        1
    ]
}