{
    "params": [
        {
            "var_smoothing": 1e-06
        },
        {
            "var_smoothing": 1e-09
        },
        {
            "var_smoothing": 1e-12
        }
    ],
    "mean_test_score": [
        0.6357398873527906,
        0.16953405017921147,
        0.3676395289298515
    ],
    "std_test_score": [
        0.04616974246846186,
        0.03389347538563851,
        0.04681111007942406
    ],
    "rank_test_score": [
        3,
        1,
        2
    ]
}