{
    "params": [
        {
            "var_smoothing": 1e-06
        },
        {
            "var_smoothing": 1e-09
        },
        {
            "var_smoothing": 1e-12
        }
    ],
    "mean_test_score": [
        0.8083036773428232,
        0.738552787663108,
        0.6666666666666666
    ],
    "std_test_score": [
        0.008408087851325935,
        0.01370299319401533,
        0.011303562751669372
    ],
    "rank_test_score": [
        3,
        2,
        1
    ]
}