{
    "params": [
        {
            "var_smoothing": 1e-06
        },
        {
            "var_smoothing": 1e-09
        },
        {
            "var_smoothing": 1e-12
        }
    ],
    "mean_test_score": [
        0.4696929238985314,
        0.4713840676457499,
        0.4713840676457499
    ],
    "std_test_score": [
        0.044404517688592486,
        0.04370570571767459,
        0.04370570571767459
    ],
    "rank_test_score": [
        1,
        2,
        2
    ]
}