{
    "params": [
        {
            "var_smoothing": 1e-06
        },
        {
            "var_smoothing": 1e-09
        },
        {
            "var_smoothing": 1e-12
        }
    ],
    "mean_test_score": [
        0.23911325724319576,
        0.16233538191395963,
        0.15645302897278315
    ],
    "std_test_score": [
        0.07357055968675857,
        0.052943724395129246,
        0.052679689752017304
    ],
    "rank_test_score": [
        3,
        2,
        1
    ]
}