{
    "params": [
        {
            "var_smoothing": 1e-06
        },
        {
            "var_smoothing": 1e-09
        },
        {
            "var_smoothing": 1e-12
        }
    ],
    "mean_test_score": [
        0.31555555555555553,
        0.312,
        0.312
    ],
    "std_test_score": [
        0.025915341754867992,
        0.02582371386014925,
        0.02582371386014925
    ],
    "rank_test_score": [
        3,
        1,
        1
    ]
}