{
    "params": [
        {
            "var_smoothing": 1e-06
        },
        {
            "var_smoothing": 1e-09
        },
        {
            "var_smoothing": 1e-12
        }
    ],
    "mean_test_score": [
        0.9899888330767231,
        0.962087824012522,
        0.9295919425731878
    ],
    "std_test_score": [
        0.0040319966402561054,
        0.010763493193504194,
        0.01179803955614034
    ],
    "rank_test_score": [
        3,
        2,
        1
    ]
}