{
    "params": [
        {
            "var_smoothing": 1e-06
        },
        {
            "var_smoothing": 1e-09
        },
        {
            "var_smoothing": 1e-12
        }
    ],
    "mean_test_score": [
        0.639924670433145,
        0.5579603071128495,
        0.5392293205852527
    ],
    "std_test_score": [
        0.02059943362012291,
        0.03972730135439177,
        0.04135545764087754
    ],
    "rank_test_score": [
        3,
        2,
        1
    ]
}