{
    "params": [
        {
            "var_smoothing": 1e-06
        },
        {
            "var_smoothing": 1e-09
        },
        {
            "var_smoothing": 1e-12
        }
    ],
    "mean_test_score": [
        0.7993644193644195,
        0.7993644193644195,
        0.7993644193644195
    ],
    "std_test_score": [
        0.024182840245854903,
        0.024182840245854903,
        0.024182840245854903
    ],
    "rank_test_score": [
        1,
        1,
        1
    ]
}