{
    "params": [
        {
            "var_smoothing": 1e-06
        },
        {
            "var_smoothing": 1e-09
        },
        {
            "var_smoothing": 1e-12
        }
    ],
    "mean_test_score": [
        0.7133333333333334,
        0.692,
        0.6813333333333332
    ],
    "std_test_score": [
        0.0337309617084627,
        0.06042810236599818,
        0.05389702115042062
    ],
    "rank_test_score": [
        3,
        2,
        1
    ]
}