{
    "params": [
        {
            "var_smoothing": 1e-06
        },
        {
            "var_smoothing": 1e-09
        },
        {
            "var_smoothing": 1e-12
        }
    ],
    "mean_test_score": [
        0.35875555555555555,
        0.3748,
        0.6892888888888888
    ],
    "std_test_score": [
        0.007182420239294482,
        0.010497360044374699,
        0.055448857539800896
    ],
    "rank_test_score": [
        1,
        2,
        3
    ]
}