{
    "params": [
        {
            "var_smoothing": 1e-06
        },
        {
            "var_smoothing": 1e-09
        },
        {
            "var_smoothing": 1e-12
        }
    ],
    "mean_test_score": [
        0.669249439880508,
        0.8278192681105303,
        0.8044809559372667
    ],
    "std_test_score": [
        0.030792084764280636,
        0.025061659810286224,
        0.04496726666172355
    ],
    "rank_test_score": [
        1,
        3,
        2
    ]
}