{
    "params": [
        {
            "var_smoothing": 1e-06
        },
        {
            "var_smoothing": 1e-09
        },
        {
            "var_smoothing": 1e-12
        }
    ],
    "mean_test_score": [
        0.9320261437908497,
        0.9320261437908497,
        0.9320261437908497
    ],
    "std_test_score": [
        0.02437128614153501,
        0.02437128614153501,
        0.02437128614153501
    ],
    "rank_test_score": [
        1,
        1,
        1
    ]
}