{
    "params": [
        {
            "var_smoothing": 1e-06
        },
        {
            "var_smoothing": 1e-09
        },
        {
            "var_smoothing": 1e-12
        }
    ],
    "mean_test_score": [
        0.3878787878787879,
        0.3939393939393939,
        0.40909090909090917
    ],
    "std_test_score": [
        0.15469392749212385,
        0.15060331684592942,
        0.12963181597701476
    ],
    "rank_test_score": [
        1,
        2,
        3
    ]
}