{
    "params": [
        {
            "var_smoothing": 1e-06
        },
        {
            "var_smoothing": 1e-09
        },
        {
            "var_smoothing": 1e-12
        }
    ],
    "mean_test_score": [
        0.704,
        0.696,
        0.7013333333333333
    ],
    "std_test_score": [
        0.0225487127003837,
        0.04186751591495356,
        0.035876330792196556
    ],
    "rank_test_score": [
        3,
        1,
        2
    ]
}