{
    "params": [
        {
            "var_smoothing": 1e-06
        },
        {
            "var_smoothing": 1e-09
        },
        {
            "var_smoothing": 1e-12
        }
    ],
    "mean_test_score": [
        0.20654082528533801,
        0.1593064091308165,
        0.14451273046532048
    ],
    "std_test_score": [
        0.023240746950828076,
        0.02702622354018041,
        0.025129001009669805
    ],
    "rank_test_score": [
        3,
        2,
        1
    ]
}