{
    "params": [
        {
            "var_smoothing": 1e-06
        },
        {
            "var_smoothing": 1e-09
        },
        {
            "var_smoothing": 1e-12
        }
    ],
    "mean_test_score": [
        0.6622140864714087,
        0.6213528591352859,
        0.6163493723849373
    ],
    "std_test_score": [
        0.006118155044113337,
        0.004681128236751379,
        0.0068095297004691965
    ],
    "rank_test_score": [
        3,
        2,
        1
    ]
}