{
    "params": [
        {
            "var_smoothing": 1e-06
        },
        {
            "var_smoothing": 1e-09
        },
        {
            "var_smoothing": 1e-12
        }
    ],
    "mean_test_score": [
        0.7593236409608092,
        0.7611093552465233,
        0.7611093552465233
    ],
    "std_test_score": [
        0.040509374916143,
        0.03695082948465368,
        0.03695082948465368
    ],
    "rank_test_score": [
        1,
        2,
        2
    ]
}