{
    "params": [
        {
            "var_smoothing": 1e-06
        },
        {
            "var_smoothing": 1e-09
        },
        {
            "var_smoothing": 1e-12
        }
    ],
    "mean_test_score": [
        0.8947742427918554,
        0.8469682645374383,
        0.8469387747114283
    ],
    "std_test_score": [
        0.005677993554113006,
        0.0011628836470260451,
        0.0011346417067573168
    ],
    "rank_test_score": [
        3,
        2,
        1
    ]
}