{
    "params": [
        {
            "var_smoothing": 1e-06
        },
        {
            "var_smoothing": 1e-09
        },
        {
            "var_smoothing": 1e-12
        }
    ],
    "mean_test_score": [
        0.8672714078374456,
        0.8595791001451379,
        0.8632801161103048
    ],
    "std_test_score": [
        0.08164776612539608,
        0.09218712173846394,
        0.06724224085605934
    ],
    "rank_test_score": [
        3,
        1,
        2
    ]
}