{
    "params": [
        {
            "var_smoothing": 1e-06
        },
        {
            "var_smoothing": 1e-09
        },
        {
            "var_smoothing": 1e-12
        }
    ],
    "mean_test_score": [
        0.8292753623188407,
        0.8266666666666668,
        0.8243478260869566
    ],
    "std_test_score": [
        0.04161616347000012,
        0.0038453620757743856,
        0.00505379587656889
    ],
    "rank_test_score": [
        3,
        2,
        1
    ]
}