{
    "params": [
        {
            "var_smoothing": 1e-06
        },
        {
            "var_smoothing": 1e-09
        },
        {
            "var_smoothing": 1e-12
        }
    ],
    "mean_test_score": [
        0.15345622119815666,
        0.15345622119815666,
        0.15345622119815666
    ],
    "std_test_score": [
        0.017184478864329777,
        0.017184478864329777,
        0.017184478864329777
    ],
    "rank_test_score": [
        1,
        1,
        1
    ]
}