{
    "params": [
        {
            "var_smoothing": 1e-06
        },
        {
            "var_smoothing": 1e-09
        },
        {
            "var_smoothing": 1e-12
        }
    ],
    "mean_test_score": [
        0.7540297092288243,
        0.7504582806573957,
        0.7504582806573957
    ],
    "std_test_score": [
        0.01623630998984779,
        0.017650327263152944,
        0.017650327263152944
    ],
    "rank_test_score": [
        3,
        1,
        1
    ]
}