{
    "params": [
        {
            "var_smoothing": 1e-06
        },
        {
            "var_smoothing": 1e-09
        },
        {
            "var_smoothing": 1e-12
        }
    ],
    "mean_test_score": [
        0.7465217391304348,
        0.7482608695652174,
        0.7482608695652174
    ],
    "std_test_score": [
        0.03945756975491626,
        0.03889785955886093,
        0.03889785955886093
    ],
    "rank_test_score": [
        1,
        2,
        2
    ]
}