{
    "params": [
        {
            "var_smoothing": 1e-06
        },
        {
            "var_smoothing": 1e-09
        },
        {
            "var_smoothing": 1e-12
        }
    ],
    "mean_test_score": [
        0.7601768887671067,
        0.7601768887671067,
        0.7601768887671067
    ],
    "std_test_score": [
        0.013445076034746834,
        0.013445076034746834,
        0.013445076034746834
    ],
    "rank_test_score": [
        1,
        1,
        1
    ]
}