{
    "params": [
        {
            "var_smoothing": 1e-06
        },
        {
            "var_smoothing": 1e-09
        },
        {
            "var_smoothing": 1e-12
        }
    ],
    "mean_test_score": [
        0.8329302959501558,
        0.8210786604361371,
        0.821703660436137
    ],
    "std_test_score": [
        0.013599014563605492,
        0.007381965704925434,
        0.00829277348801495
    ],
    "rank_test_score": [
        3,
        1,
        2
    ]
}