{
    "params": [
        {
            "var_smoothing": 1e-06
        },
        {
            "var_smoothing": 1e-09
        },
        {
            "var_smoothing": 1e-12
        }
    ],
    "mean_test_score": [
        0.7696091954022989,
        0.699448275862069,
        0.5379540229885058
    ],
    "std_test_score": [
        0.011209483933563165,
        0.012006383997897982,
        0.0215467917727499
    ],
    "rank_test_score": [
        3,
        2,
        1
    ]
}