{
    "params": [
        {
            "var_smoothing": 1e-06
        },
        {
            "var_smoothing": 1e-09
        },
        {
            "var_smoothing": 1e-12
        }
    ],
    "mean_test_score": [
        0.7787878787878789,
        0.7787878787878789,
        0.7787878787878789
    ],
    "std_test_score": [
        0.014845392380504112,
        0.014845392380504112,
        0.014845392380504112
    ],
    "rank_test_score": [
        1,
        1,
        1
    ]
}