{
    "params": [
        {
            "var_smoothing": 1e-06
        },
        {
            "var_smoothing": 1e-09
        },
        {
            "var_smoothing": 1e-12
        }
    ],
    "mean_test_score": [
        0.9268926348861097,
        0.9268926348861097,
        0.9268926348861097
    ],
    "std_test_score": [
        1.1102230246251565e-16,
        1.1102230246251565e-16,
        1.1102230246251565e-16
    ],
    "rank_test_score": [
        1,
        1,
        1
    ]
}