{
    "params": [
        {
            "var_smoothing": 1e-06
        },
        {
            "var_smoothing": 1e-09
        },
        {
            "var_smoothing": 1e-12
        }
    ],
    "mean_test_score": [
        0.7079770718891807,
        0.7117586179444312,
        0.7117586179444312
    ],
    "std_test_score": [
        0.02151640268460195,
        0.01856826827495511,
        0.01856826827495511
    ],
    "rank_test_score": [
        1,
        2,
        2
    ]
}