{
    "params": [
        {
            "var_smoothing": 1e-06
        },
        {
            "var_smoothing": 1e-09
        },
        {
            "var_smoothing": 1e-12
        }
    ],
    "mean_test_score": [
        0.5290054984199927,
        0.5290327872694461,
        0.32011117411690637
    ],
    "std_test_score": [
        0.0021059739093900916,
        0.0022485780417936174,
        0.008007874588567287
    ],
    "rank_test_score": [
        2,
        3,
        1
    ]
}