{
    "params": [
        {
            "var_smoothing": 1e-06
        },
        {
            "var_smoothing": 1e-09
        },
        {
            "var_smoothing": 1e-12
        }
    ],
    "mean_test_score": [
        0.4717607973421926,
        0.4110741971207087,
        0.40631229235880395
    ],
    "std_test_score": [
        0.04772966111911753,
        0.021051463259719974,
        0.03540349981330823
    ],
    "rank_test_score": [
        3,
        2,
        1
    ]
}