{
    "params": [
        {
            "var_smoothing": 1e-06
        },
        {
            "var_smoothing": 1e-09
        },
        {
            "var_smoothing": 1e-12
        }
    ],
    "mean_test_score": [
        0.6595659359777313,
        0.640785490605428,
        0.6240953375086986
    ],
    "std_test_score": [
        0.010104040404184784,
        0.016353123653517675,
        0.019613678131256883
    ],
    "rank_test_score": [
        3,
        2,
        1
    ]
}