{
    "params": [
        {
            "var_smoothing": 1e-06
        },
        {
            "var_smoothing": 1e-09
        },
        {
            "var_smoothing": 1e-12
        }
    ],
    "mean_test_score": [
        0.6414000000000001,
        0.6414000000000001,
        0.6414000000000001
    ],
    "std_test_score": [
        0.005697562831792389,
        0.005697562831792389,
        0.005697562831792389
    ],
    "rank_test_score": [
        1,
        1,
        1
    ]
}