{
    "params": [
        {
            "var_smoothing": 1e-06
        },
        {
            "var_smoothing": 1e-09
        },
        {
            "var_smoothing": 1e-12
        }
    ],
    "mean_test_score": [
        0.7066666666666667,
        0.6853333333333333,
        0.6053333333333333
    ],
    "std_test_score": [
        0.031832897030168845,
        0.03276854860651868,
        0.030228757463345694
    ],
    "rank_test_score": [
        3,
        2,
        1
    ]
}