{
    "params": [
        {
            "var_smoothing": 1e-06
        },
        {
            "var_smoothing": 1e-09
        },
        {
            "var_smoothing": 1e-12
        }
    ],
    "mean_test_score": [
        0.034509803921568626,
        0.03294117647058824,
        0.03294117647058824
    ],
    "std_test_score": [
        0.024477625936199583,
        0.02499980776550467,
        0.02499980776550467
    ],
    "rank_test_score": [
        3,
        1,
        1
    ]
}