{
    "params": [
        {
            "var_smoothing": 1e-06
        },
        {
            "var_smoothing": 1e-09
        },
        {
            "var_smoothing": 1e-12
        }
    ],
    "mean_test_score": [
        0.7732166436358052,
        0.7396965775408889,
        0.7145572591081573
    ],
    "std_test_score": [
        0.007509958660832026,
        0.008016259476089431,
        0.009941174262893362
    ],
    "rank_test_score": [
        3,
        2,
        1
    ]
}