{
    "params": [
        {
            "var_smoothing": 1e-06
        },
        {
            "var_smoothing": 1e-09
        },
        {
            "var_smoothing": 1e-12
        }
    ],
    "mean_test_score": [
        0.7855354492480242,
        0.7629595022409393,
        0.7441468710929788
    ],
    "std_test_score": [
        0.0112386686679366,
        0.010009765654760928,
        0.011165718763826831
    ],
    "rank_test_score": [
        3,
        2,
        1
    ]
}