{
    "params": [
        {
            "var_smoothing": 1e-06
        },
        {
            "var_smoothing": 1e-09
        },
        {
            "var_smoothing": 1e-12
        }
    ],
    "mean_test_score": [
        0.7249862180401102,
        0.6993332017284113,
        0.6757329297449058
    ],
    "std_test_score": [
        0.011577401962970621,
        0.011597681360031595,
        0.010640285516157838
    ],
    "rank_test_score": [
        3,
        2,
        1
    ]
}