{
    "params": [
        {
            "var_smoothing": 1e-06
        },
        {
            "var_smoothing": 1e-09
        },
        {
            "var_smoothing": 1e-12
        }
    ],
    "mean_test_score": [
        0.6135768601101118,
        0.5979494699847664,
        0.5819478770946189
    ],
    "std_test_score": [
        0.01861718753133092,
        0.02854189488414867,
        0.01343128069306729
    ],
    "rank_test_score": [
        3,
        2,
        1
    ]
}