{
    "params": [
        {
            "var_smoothing": 1e-06
        },
        {
            "var_smoothing": 1e-09
        },
        {
            "var_smoothing": 1e-12
        }
    ],
    "mean_test_score": [
        0.5714476190476191,
        0.5354666666666666,
        0.5058285714285714
    ],
    "std_test_score": [
        0.0070185759355630775,
        0.009234579596140814,
        0.01578625941743507
    ],
    "rank_test_score": [
        3,
        2,
        1
    ]
}