{
    "params": [
        {
            "var_smoothing": 1e-06
        },
        {
            "var_smoothing": 1e-09
        },
        {
            "var_smoothing": 1e-12
        }
    ],
    "mean_test_score": [
        0.23014684644969066,
        0.2223472122990236,
        0.21550235876543583
    ],
    "std_test_score": [
        0.00846628397668109,
        0.010410625783792012,
        0.009318131658018022
    ],
    "rank_test_score": [
        3,
        2,
        1
    ]
}