{
    "params": [
        {
            "var_smoothing": 1e-06
        },
        {
            "var_smoothing": 1e-09
        },
        {
            "var_smoothing": 1e-12
        }
    ],
    "mean_test_score": [
        0.30649692712906057,
        0.12673397717295873,
        0.10904302019315189
    ],
    "std_test_score": [
        0.06169223296567599,
        0.026908746247461156,
        0.01956075441601202
    ],
    "rank_test_score": [
        3,
        2,
        1
    ]
}