{
    "params": [
        {
            "var_smoothing": 1e-06
        },
        {
            "var_smoothing": 1e-09
        },
        {
            "var_smoothing": 1e-12
        }
    ],
    "mean_test_score": [
        0.5974910394265234,
        0.19513568868407577,
        0.16308243727598565
    ],
    "std_test_score": [
        0.026586484960147375,
        0.057815370280314256,
        0.042946700898816144
    ],
    "rank_test_score": [
        3,
        2,
        1
    ]
}