{
    "params": [
        {
            "var_smoothing": 1e-06
        },
        {
            "var_smoothing": 1e-09
        },
        {
            "var_smoothing": 1e-12
        }
    ],
    "mean_test_score": [
        0.24442655935613683,
        0.19030181086519113,
        0.18173038229376257
    ],
    "std_test_score": [
        0.05474958163927168,
        0.01886306908083289,
        0.01789337724309739
    ],
    "rank_test_score": [
        3,
        2,
        1
    ]
}