{
    "params": [
        {
            "var_smoothing": 1e-06
        },
        {
            "var_smoothing": 1e-09
        },
        {
            "var_smoothing": 1e-12
        }
    ],
    "mean_test_score": [
        0.8031476972794337,
        0.7761259897786844,
        0.7470524153158884
    ],
    "std_test_score": [
        0.006951706551618289,
        0.011773480634133797,
        0.013610680226627848
    ],
    "rank_test_score": [
        3,
        2,
        1
    ]
}