{
    "params": [
        {
            "var_smoothing": 1e-06
        },
        {
            "var_smoothing": 1e-09
        },
        {
            "var_smoothing": 1e-12
        }
    ],
    "mean_test_score": [
        0.669276393831554,
        0.5440094899169632,
        0.4804270462633452
    ],
    "std_test_score": [
        0.02473985132380298,
        0.026489025555368553,
        0.030677541874722873
    ],
    "rank_test_score": [
        3,
        2,
        1
    ]
}