{
    "params": [
        {
            "var_smoothing": 1e-06
        },
        {
            "var_smoothing": 1e-09
        },
        {
            "var_smoothing": 1e-12
        }
    ],
    "mean_test_score": [
        0.65,
        0.65,
        0.65
    ],
    "std_test_score": [
        0.05714285714285716,
        0.05714285714285716,
        0.05714285714285716
    ],
    "rank_test_score": [
        1,
        1,
        1
    ]
}