{
    "params": [
        {
            "var_smoothing": 1e-06
        },
        {
            "var_smoothing": 1e-09
        },
        {
            "var_smoothing": 1e-12
        }
    ],
    "mean_test_score": [
        0.2652329749103942,
        0.2652329749103942,
        0.2652329749103942
    ],
    "std_test_score": [
        0.026550269287955754,
        0.026550269287955754,
        0.026550269287955754
    ],
    "rank_test_score": [
        1,
        1,
        1
    ]
}