{
    "params": [
        {
            "var_smoothing": 1e-06
        },
        {
            "var_smoothing": 1e-09
        },
        {
            "var_smoothing": 1e-12
        }
    ],
    "mean_test_score": [
        0.11115085209341469,
        0.08028613507258574,
        0.06793604039553966
    ],
    "std_test_score": [
        0.02809627687863359,
        0.02306303630516291,
        0.018072343005669355
    ],
    "rank_test_score": [
        3,
        2,
        1
    ]
}