{
    "params": [
        {
            "var_smoothing": 1e-06
        },
        {
            "var_smoothing": 1e-09
        },
        {
            "var_smoothing": 1e-12
        }
    ],
    "mean_test_score": [
        0.2271285688306965,
        0.2579050736497545,
        0.38838697945080924
    ],
    "std_test_score": [
        0.20514954329475588,
        0.2687387077652589,
        0.2025976127614955
    ],
    "rank_test_score": [
        1,
        2,
        3
    ]
}