{
    "params": [
        {
            "var_smoothing": 1e-06
        },
        {
            "var_smoothing": 1e-09
        },
        {
            "var_smoothing": 1e-12
        }
    ],
    "mean_test_score": [
        0.07201767304860088,
        0.06170839469808542,
        0.05352409004839048
    ],
    "std_test_score": [
        0.017253236695855635,
        0.014478003802585576,
        0.015220972689058879
    ],
    "rank_test_score": [
        3,
        2,
        1
    ]
}