{
    "params": [
        {
            "var_smoothing": 1e-06
        },
        {
            "var_smoothing": 1e-09
        },
        {
            "var_smoothing": 1e-12
        }
    ],
    "mean_test_score": [
        0.7554122938530734,
        0.7536731634182908,
        0.7536731634182908
    ],
    "std_test_score": [
        0.06700864957855722,
        0.0659330701807833,
        0.0659330701807833
    ],
    "rank_test_score": [
        3,
        1,
        1
    ]
}