{
    "params": [
        {
            "var_smoothing": 1e-06
        },
        {
            "var_smoothing": 1e-09
        },
        {
            "var_smoothing": 1e-12
        }
    ],
    "mean_test_score": [
        0.5118342320880876,
        0.2788634671124094,
        0.19639162345590627
    ],
    "std_test_score": [
        0.0013930461007546223,
        0.03167646884920551,
        0.024265255873270608
    ],
    "rank_test_score": [
        3,
        2,
        1
    ]
}