{
    "params": [
        {
            "var_smoothing": 1e-06
        },
        {
            "var_smoothing": 1e-09
        },
        {
            "var_smoothing": 1e-12
        }
    ],
    "mean_test_score": [
        0.2418349429323968,
        0.1828797190517998,
        0.1680421422300263
    ],
    "std_test_score": [
        0.039794689545113386,
        0.021893872629005374,
        0.026770893892657948
    ],
    "rank_test_score": [
        3,
        2,
        1
    ]
}