{
    "params": [
        {
            "var_smoothing": 1e-06
        },
        {
            "var_smoothing": 1e-09
        },
        {
            "var_smoothing": 1e-12
        }
    ],
    "mean_test_score": [
        0.6962624945675793,
        0.6109083007388092,
        0.6075039837751703
    ],
    "std_test_score": [
        0.04989589417028489,
        0.03192830492923797,
        0.030126616739427715
    ],
    "rank_test_score": [
        3,
        2,
        1
    ]
}