{
    "params": [
        {
            "var_smoothing": 1e-06
        },
        {
            "var_smoothing": 1e-09
        },
        {
            "var_smoothing": 1e-12
        }
    ],
    "mean_test_score": [
        0.08018093835472333,
        0.0719966337050284,
        0.05966757837155481
    ],
    "std_test_score": [
        0.017307133339247112,
        0.01715314340098292,
        0.022949902675881706
    ],
    "rank_test_score": [
        3,
        2,
        1
    ]
}