{
    "params": [
        {
            "var_smoothing": 1e-06
        },
        {
            "var_smoothing": 1e-09
        },
        {
            "var_smoothing": 1e-12
        }
    ],
    "mean_test_score": [
        0.6177777777777778,
        0.6177777777777778,
        0.6177777777777778
    ],
    "std_test_score": [
        0.03887301263230202,
        0.03887301263230202,
        0.03887301263230202
    ],
    "rank_test_score": [
        1,
        1,
        1
    ]
}