{
    "params": [
        {
            "var_smoothing": 1e-06
        },
        {
            "var_smoothing": 1e-09
        },
        {
            "var_smoothing": 1e-12
        }
    ],
    "mean_test_score": [
        0.838818565400844,
        0.8286270691333982,
        0.8286595261278806
    ],
    "std_test_score": [
        0.031225821655140467,
        0.036870202867017116,
        0.03294271418461284
    ],
    "rank_test_score": [
        3,
        1,
        2
    ]
}