{
    "params": [
        {
            "var_smoothing": 1e-06
        },
        {
            "var_smoothing": 1e-09
        },
        {
            "var_smoothing": 1e-12
        }
    ],
    "mean_test_score": [
        0.5069203911158326,
        0.5069203911158326,
        0.4637056402035247
    ],
    "std_test_score": [
        0.0004267691120780318,
        0.0004267691120780318,
        0.0035329437757353126
    ],
    "rank_test_score": [
        2,
        2,
        1
    ]
}