{
    "params": [
        {
            "var_smoothing": 1e-06
        },
        {
            "var_smoothing": 1e-09
        },
        {
            "var_smoothing": 1e-12
        }
    ],
    "mean_test_score": [
        0.5563088512241056,
        0.5187454729827611,
        0.4931623931623932
    ],
    "std_test_score": [
        0.027069971711906095,
        0.030261452421087142,
        0.030048539882473427
    ],
    "rank_test_score": [
        3,
        2,
        1
    ]
}