{
    "params": [
        {
            "var_smoothing": 1e-06
        },
        {
            "var_smoothing": 1e-09
        },
        {
            "var_smoothing": 1e-12
        }
    ],
    "mean_test_score": [
        0.9498039215686275,
        0.9498039215686275,
        0.9498039215686275
    ],
    "std_test_score": [
        0.009003490383122929,
        0.009003490383122929,
        0.009003490383122929
    ],
    "rank_test_score": [
        1,
        1,
        1
    ]
}