{
    "params": [
        {
            "var_smoothing": 1e-06
        },
        {
            "var_smoothing": 1e-09
        },
        {
            "var_smoothing": 1e-12
        }
    ],
    "mean_test_score": [
        0.28893766461808607,
        0.19460052677787534,
        0.18867427568042144
    ],
    "std_test_score": [
        0.049006663822006614,
        0.0426719885365688,
        0.04361577305756359
    ],
    "rank_test_score": [
        3,
        2,
        1
    ]
}