{
    "params": [
        {
            "var_smoothing": 1e-06
        },
        {
            "var_smoothing": 1e-09
        },
        {
            "var_smoothing": 1e-12
        }
    ],
    "mean_test_score": [
        0.5751111111111111,
        0.5022222222222222,
        0.5004444444444445
    ],
    "std_test_score": [
        0.017236195048591377,
        0.015396007178390035,
        0.014497339049155638
    ],
    "rank_test_score": [
        3,
        2,
        1
    ]
}