{
    "params": [
        {
            "var_smoothing": 1e-06
        },
        {
            "var_smoothing": 1e-09
        },
        {
            "var_smoothing": 1e-12
        }
    ],
    "mean_test_score": [
        0.04977751482895913,
        0.04977751482895913
    ],
    "std_test_score": [
        0.004744508448060698,
        0.004744508448060698
    ],
    "rank_test_score": [
        1,
        1
    ]
}