{
    "params": [
        {
            "var_smoothing": 1e-06
        },
        {
            "var_smoothing": 1e-09
        },
        {
            "var_smoothing": 1e-12
        }
    ],
    "mean_test_score": [
        0.5488888888888889,
        0.5488888888888889,
        0.5488888888888889
    ],
    "std_test_score": [
        0.0577777777777778,
        0.0577777777777778,
        0.0577777777777778
    ],
    "rank_test_score": [
        1,
        1,
        1
    ]
}