{
    "params": [
        {
            "var_smoothing": 1e-06
        },
        {
            "var_smoothing": 1e-09
        },
        {
            "var_smoothing": 1e-12
        }
    ],
    "mean_test_score": [
        0.7261829652996845,
        0.7257623554153524,
        0.7257623554153524
    ],
    "std_test_score": [
        0.007779072133799421,
        0.007447289678076038,
        0.007447289678076038
    ],
    "rank_test_score": [
        3,
        1,
        1
    ]
}