{
    "params": [
        {
            "var_smoothing": 1e-06
        },
        {
            "var_smoothing": 1e-09
        },
        {
            "var_smoothing": 1e-12
        }
    ],
    "mean_test_score": [
        0.5106529209621993,
        0.5140893470790378,
        0.5168384879725085
    ],
    "std_test_score": [
        0.014185407175635944,
        0.013326954934477886,
        0.015460098803026788
    ],
    "rank_test_score": [
        1,
        2,
        3
    ]
}