{
    "params": [
        {
            "var_smoothing": 1e-06
        },
        {
            "var_smoothing": 1e-09
        },
        {
            "var_smoothing": 1e-12
        }
    ],
    "mean_test_score": [
        0.6671620046620047,
        0.6671620046620047,
        0.6671620046620047
    ],
    "std_test_score": [
        0.030225548693589465,
        0.030225548693589465,
        0.030225548693589465
    ],
    "rank_test_score": [
        1,
        1,
        1
    ]
}