{
    "params": [
        {
            "var_smoothing": 1e-06
        },
        {
            "var_smoothing": 1e-09
        },
        {
            "var_smoothing": 1e-12
        }
    ],
    "mean_test_score": [
        0.03529411764705882,
        0.022745098039215685,
        0.02196078431372549
    ],
    "std_test_score": [
        0.00429586319611895,
        0.0038423368514245927,
        0.004705882352941176
    ],
    "rank_test_score": [
        3,
        2,
        1
    ]
}