{
    "params": [
        {
            "var_smoothing": 1e-06
        },
        {
            "var_smoothing": 1e-09
        },
        {
            "var_smoothing": 1e-12
        }
    ],
    "mean_test_score": [
        0.7669492746888011,
        0.6768451353837907,
        0.6768425760165739
    ],
    "std_test_score": [
        0.02058494064779285,
        0.011816080390652208,
        0.008182366032952918
    ],
    "rank_test_score": [
        3,
        2,
        1
    ]
}