{
    "params": [
        {
            "var_smoothing": 1e-06
        },
        {
            "var_smoothing": 1e-09
        },
        {
            "var_smoothing": 1e-12
        }
    ],
    "mean_test_score": [
        0.5848161328588375,
        0.44721233689205225,
        0.3644128113879004
    ],
    "std_test_score": [
        0.01902426590436959,
        0.03717304772477438,
        0.025710495248672003
    ],
    "rank_test_score": [
        3,
        2,
        1
    ]
}