{
    "params": [
        {
            "var_smoothing": 1e-06
        },
        {
            "var_smoothing": 1e-09
        },
        {
            "var_smoothing": 1e-12
        }
    ],
    "mean_test_score": [
        0.9617948717948718,
        0.9617948717948718,
        0.9617948717948718
    ],
    "std_test_score": [
        0.020083016799453332,
        0.020083016799453332,
        0.020083016799453332
    ],
    "rank_test_score": [
        1,
        1,
        1
    ]
}