{
    "params": [
        {
            "var_smoothing": 1e-06
        },
        {
            "var_smoothing": 1e-09
        },
        {
            "var_smoothing": 1e-12
        }
    ],
    "mean_test_score": [
        0.36936377434181245,
        0.4969241495449402,
        0.5716144567974728
    ],
    "std_test_score": [
        0.009339852820173872,
        0.00723726811005365,
        0.00891547557883397
    ],
    "rank_test_score": [
        1,
        2,
        3
    ]
}