{
    "params": [
        {
            "var_smoothing": 1e-06
        },
        {
            "var_smoothing": 1e-09
        },
        {
            "var_smoothing": 1e-12
        }
    ],
    "mean_test_score": [
        0.5521513249651325,
        0.5146059972105997,
        0.4895955369595537
    ],
    "std_test_score": [
        0.02182216515820139,
        0.028877361113341448,
        0.028575916420076744
    ],
    "rank_test_score": [
        3,
        2,
        1
    ]
}