{
    "params": [
        {
            "var_smoothing": 1e-06
        },
        {
            "var_smoothing": 1e-09
        },
        {
            "var_smoothing": 1e-12
        }
    ],
    "mean_test_score": [
        0.9354778554778556,
        0.9354778554778556,
        0.9354778554778556
    ],
    "std_test_score": [
        0.022750582750582758,
        0.022750582750582758,
        0.022750582750582758
    ],
    "rank_test_score": [
        1,
        1,
        1
    ]
}